<?xml version="1.0" encoding="UTF-8"?>
<!DOCTYPE hibernate-mapping PUBLIC "-//Hibernate/Hibernate Mapping DTD 3.0//EN"
 "http://hibernate.sourceforge.net/hibernate-mapping-3.0.dtd">
<hibernate-mapping>
 <class table="RET428244" name="com.RealEstateBuilders1.beans.RetriveBean">
  <id name="customerName">
     <!-- <generator class="increment"></generator> -->
  <generator class="assigned"></generator>
   </id> 
   <property name="buildingName"/> 
   <property name="buildingPrice"/> 
   <property name="customerType"/> 
   
   </class> 
   </hibernate-mapping>